ISIN,Issuer,Units Count,Investment Date,Record Date,Cash Flow Date,Event Type,Coupon Rate (%),Maturity Date,Face Value (₹),Frequency,Issue Price (₹),Amount (₹)
INE998Y07154,BERAR FINANCE LIMITED,2.0,2025-01-22,,2025-01-22,Investment,,,,,,-20556.97
INE998Y07154,BERAR FINANCE LIMITED,2.0,2025-01-22,2025-02-13,2025-02-28,Interest,11.4,28-10-2026,10000.0,Thrice a year,10000.0,768.32
INE998Y07154,BERAR FINANCE LIMITED,2.0,2025-01-22,2025-06-13,2025-06-28,Redemption,11.4,28-10-2026,10000.0,Thrice a year,10000.0,6666.66
INE998Y07154,BERAR FINANCE LIMITED,2.0,2025-01-22,2025-06-13,2025-06-28,Interest,11.4,28-10-2026,10000.0,Thrice a year,10000.0,749.58
INE998Y07154,BERAR FINANCE LIMITED,2.0,2025-01-22,2025-10-13,2025-10-28,Interest,11.4,28-10-2026,10000.0,Thrice a year,10000.0,508.06
INE998Y07154,BERAR FINANCE LIMITED,2.0,2025-01-22,2026-02-13,2026-02-28,Interest,11.4,28-10-2026,10000.0,Thrice a year,10000.0,512.22
INE998Y07154,BERAR FINANCE LIMITED,2.0,2025-01-22,2026-02-13,2026-02-28,Redemption,11.4,28-10-2026,10000.0,Thrice a year,10000.0,6666.66
INE998Y07154,BERAR FINANCE LIMITED,2.0,2025-01-22,2026-06-12,2026-06-28,Interest,11.4,28-10-2026,10000.0,Thrice a year,10000.0,249.86
INE998Y07154,BERAR FINANCE LIMITED,2.0,2025-01-22,2026-10-13,2026-10-28,Interest,11.4,28-10-2026,10000.0,Thrice a year,10000.0,254.02
INE998Y07154,BERAR FINANCE LIMITED,2.0,2025-01-22,2026-10-13,2026-10-28,Redemption,11.4,28-10-2026,10000.0,Thrice a year,10000.0,6666.68
INE0RU307130,AMBIUM FINSERVE LIMITED,2.0,2025-01-08,,2025-01-08,Investment,,,,,,-19929.01
INE0RU307130,AMBIUM FINSERVE LIMITED,2.0,2025-01-08,2025-01-22,2025-02-06,Interest,10.5,21-12-2025,10000.0,Twelve times a year,10000.0,178.36
INE0RU307130,AMBIUM FINSERVE LIMITED,2.0,2025-01-08,2025-02-19,2025-03-06,Interest,10.5,21-12-2025,10000.0,Twelve times a year,10000.0,161.1
INE0RU307130,AMBIUM FINSERVE LIMITED,2.0,2025-01-08,2025-03-22,2025-04-06,Interest,10.5,21-12-2025,10000.0,Twelve times a year,10000.0,178.36
INE0RU307130,AMBIUM FINSERVE LIMITED,2.0,2025-01-08,2025-04-21,2025-05-06,Interest,10.5,21-12-2025,10000.0,Twelve times a year,10000.0,172.6
INE0RU307130,AMBIUM FINSERVE LIMITED,2.0,2025-01-08,2025-05-22,2025-06-06,Interest,10.5,21-12-2025,10000.0,Twelve times a year,10000.0,178.36
INE0RU307130,AMBIUM FINSERVE LIMITED,2.0,2025-01-08,2025-06-21,2025-07-06,Interest,10.5,21-12-2025,10000.0,Twelve times a year,10000.0,178.6
INE0RU307130,AMBIUM FINSERVE LIMITED,2.0,2025-01-08,2025-07-22,2025-08-06,Interest,10.5,21-12-2025,10000.0,Twelve times a year,10000.0,178.36
INE0RU307130,AMBIUM FINSERVE LIMITED,2.0,2025-01-08,2025-08-22,2025-09-06,Interest,10.5,21-12-2025,10000.0,Twelve times a year,10000.0,178.36
INE0RU307130,AMBIUM FINSERVE LIMITED,2.0,2025-01-08,2025-09-21,2025-10-06,Interest,10.5,21-12-2025,10000.0,Twelve times a year,10000.0,172.6
INE0RU307130,AMBIUM FINSERVE LIMITED,2.0,2025-01-08,2025-10-22,2025-11-06,Interest,10.5,21-12-2025,10000.0,Twelve times a year,10000.0,178.36
INE0RU307130,AMBIUM FINSERVE LIMITED,2.0,2025-01-08,2025-11-28,2025-12-13,Interest,10.5,21-12-2025,10000.0,Twelve times a year,10000.0,212.88
INE0RU307130,AMBIUM FINSERVE LIMITED,2.0,2025-01-08,2025-11-28,2025-12-13,Redemption,10.5,21-12-2025,10000.0,Twelve times a year,10000.0,20000.0
INE583D07505,UGRO CAPITAL LIMITED,20.0,2025-01-08,,2025-01-08,Investment,,,,,,-20003.54
INE583D07505,UGRO CAPITAL LIMITED,20.0,2025-01-08,2025-01-13,2025-01-28,Interest,10.15,24-04-2026,1000.0,Twelve times a year,1000.0,172.39999999999998
INE583D07505,UGRO CAPITAL LIMITED,20.0,2025-01-08,2025-02-13,2025-02-28,Interest,10.15,24-04-2026,1000.0,Twelve times a year,1000.0,172.39999999999998
INE583D07505,UGRO CAPITAL LIMITED,20.0,2025-01-08,2025-03-13,2025-03-28,Interest,10.15,24-04-2026,1000.0,Twelve times a year,1000.0,155.8
INE583D07505,UGRO CAPITAL LIMITED,20.0,2025-01-08,2025-04-13,2025-04-28,Interest,10.15,24-04-2026,1000.0,Twelve times a year,1000.0,172.39999999999998
INE583D07505,UGRO CAPITAL LIMITED,20.0,2025-01-08,2025-05-13,2025-05-28,Interest,10.15,24-04-2026,1000.0,Twelve times a year,1000.0,166.8
INE583D07505,UGRO CAPITAL LIMITED,20.0,2025-01-08,2025-06-13,2025-06-28,Interest,10.15,24-04-2026,1000.0,Twelve times a year,1000.0,172.39999999999998
INE583D07505,UGRO CAPITAL LIMITED,20.0,2025-01-08,2025-07-13,2025-07-28,Interest,10.15,24-04-2026,1000.0,Twelve times a year,1000.0,166.8
INE583D07505,UGRO CAPITAL LIMITED,20.0,2025-01-08,2025-08-13,2025-08-28,Interest,10.15,24-04-2026,1000.0,Twelve times a year,1000.0,172.39999999999998
INE583D07505,UGRO CAPITAL LIMITED,20.0,2025-01-08,2025-09-13,2025-09-28,Interest,10.15,24-04-2026,1000.0,Twelve times a year,1000.0,172.39999999999998
INE583D07505,UGRO CAPITAL LIMITED,20.0,2025-01-08,2025-10-13,2025-10-28,Interest,10.15,24-04-2026,1000.0,Twelve times a year,1000.0,166.8
INE583D07505,UGRO CAPITAL LIMITED,20.0,2025-01-08,2025-11-13,2025-11-28,Interest,10.15,24-04-2026,1000.0,Twelve times a year,1000.0,172.39999999999998
INE583D07505,UGRO CAPITAL LIMITED,20.0,2025-01-08,2025-12-13,2025-12-28,Interest,10.15,24-04-2026,1000.0,Twelve times a year,1000.0,166.8
INE583D07505,UGRO CAPITAL LIMITED,20.0,2025-01-08,2026-01-13,2026-01-28,Interest,10.15,24-04-2026,1000.0,Twelve times a year,1000.0,172.39999999999998
INE583D07505,UGRO CAPITAL LIMITED,20.0,2025-01-08,2026-02-13,2026-02-28,Interest,10.15,24-04-2026,1000.0,Twelve times a year,1000.0,172.39999999999998
INE583D07505,UGRO CAPITAL LIMITED,20.0,2025-01-08,2026-03-13,2026-03-28,Interest,10.15,24-04-2026,1000.0,Twelve times a year,1000.0,155.8
INE583D07505,UGRO CAPITAL LIMITED,20.0,2025-01-08,2026-04-13,2026-04-28,Interest,10.15,24-04-2026,1000.0,Twelve times a year,1000.0,172.39999999999998
INE583D07505,UGRO CAPITAL LIMITED,20.0,2025-01-08,2026-04-13,2026-04-28,Redemption,10.15,24-04-2026,1000.0,Twelve times a year,1000.0,20000.0
INE140A07757,PIRAMAL ENTERPRISES LIMITED,20.0,2023-12-26,,2023-12-26,Investment,,,,,,-20165.0
INE140A07757,PIRAMAL ENTERPRISES LIMITED,20.0,2023-12-26,2024-10-24,2024-11-08,Interest,9.0,03-11-2025,1000.0,Once a year,1000.0,1000.0
INE140A07757,PIRAMAL ENTERPRISES LIMITED,20.0,2023-12-26,2025-10-23,2025-11-07,Interest,9.0,03-11-2025,1000.0,Once a year,1000.0,1000.0
INE140A07757,PIRAMAL ENTERPRISES LIMITED,20.0,2023-12-26,2025-10-23,2025-11-07,Redemption,9.0,03-11-2025,1000.0,Once a year,1000.0,20000.0
INE01HV07437,VIVRITI CAPITAL LIMITED,20.0,2023-11-09,,2023-11-09,Investment,,,,,,-19937.63
INE01HV07437,VIVRITI CAPITAL LIMITED,20.0,2023-11-09,2023-11-21,2023-12-06,Interest,10.03,06-09-2025,1000.0,Twelve times a year,1000.0,164.4
INE01HV07437,VIVRITI CAPITAL LIMITED,20.0,2023-11-09,2023-12-22,2024-01-06,Interest,10.03,06-09-2025,1000.0,Twelve times a year,1000.0,170.0
INE01HV07437,VIVRITI CAPITAL LIMITED,20.0,2023-11-09,2024-01-22,2024-02-06,Interest,10.03,06-09-2025,1000.0,Twelve times a year,1000.0,170.0
INE01HV07437,VIVRITI CAPITAL LIMITED,20.0,2023-11-09,2024-02-20,2024-03-06,Interest,10.03,06-09-2025,1000.0,Twelve times a year,1000.0,159.0
INE01HV07437,VIVRITI CAPITAL LIMITED,20.0,2023-11-09,2024-03-22,2024-04-06,Interest,10.03,06-09-2025,1000.0,Twelve times a year,1000.0,170.0
INE01HV07437,VIVRITI CAPITAL LIMITED,20.0,2023-11-09,2024-04-21,2024-05-06,Interest,10.03,06-09-2025,1000.0,Twelve times a year,1000.0,164.4
INE01HV07437,VIVRITI CAPITAL LIMITED,20.0,2023-11-09,2024-05-22,2024-06-06,Interest,10.03,06-09-2025,1000.0,Twelve times a year,1000.0,170.0
INE01HV07437,VIVRITI CAPITAL LIMITED,20.0,2023-11-09,2024-06-21,2024-07-06,Interest,10.03,06-09-2025,1000.0,Twelve times a year,1000.0,164.4
INE01HV07437,VIVRITI CAPITAL LIMITED,20.0,2023-11-09,2024-07-22,2024-08-06,Interest,10.03,06-09-2025,1000.0,Twelve times a year,1000.0,170.0
INE01HV07437,VIVRITI CAPITAL LIMITED,20.0,2023-11-09,2024-08-22,2024-09-06,Interest,10.03,06-09-2025,1000.0,Twelve times a year,1000.0,170.0
INE01HV07437,VIVRITI CAPITAL LIMITED,20.0,2023-11-09,2024-09-21,2024-10-06,Interest,10.03,06-09-2025,1000.0,Twelve times a year,1000.0,164.8
INE01HV07437,VIVRITI CAPITAL LIMITED,20.0,2023-11-09,2024-10-22,2024-11-06,Interest,10.03,06-09-2025,1000.0,Twelve times a year,1000.0,170.39999999999998
INE01HV07437,VIVRITI CAPITAL LIMITED,20.0,2023-11-09,2024-11-21,2024-12-06,Interest,10.03,06-09-2025,1000.0,Twelve times a year,1000.0,164.8
INE01HV07437,VIVRITI CAPITAL LIMITED,20.0,2023-11-09,2024-12-22,2025-01-06,Interest,10.03,06-09-2025,1000.0,Twelve times a year,1000.0,170.39999999999998
INE01HV07437,VIVRITI CAPITAL LIMITED,20.0,2023-11-09,2025-01-22,2025-02-06,Interest,10.03,06-09-2025,1000.0,Twelve times a year,1000.0,170.39999999999998
INE01HV07437,VIVRITI CAPITAL LIMITED,20.0,2023-11-09,2025-02-19,2025-03-06,Interest,10.03,06-09-2025,1000.0,Twelve times a year,1000.0,153.8
INE01HV07437,VIVRITI CAPITAL LIMITED,20.0,2023-11-09,2025-03-22,2025-04-06,Interest,10.03,06-09-2025,1000.0,Twelve times a year,1000.0,170.39999999999998
INE01HV07437,VIVRITI CAPITAL LIMITED,20.0,2023-11-09,2025-04-21,2025-05-06,Interest,10.03,06-09-2025,1000.0,Twelve times a year,1000.0,164.8
INE01HV07437,VIVRITI CAPITAL LIMITED,20.0,2023-11-09,2025-05-22,2025-06-06,Interest,10.03,06-09-2025,1000.0,Twelve times a year,1000.0,170.39999999999998
INE01HV07437,VIVRITI CAPITAL LIMITED,20.0,2023-11-09,2025-06-21,2025-07-06,Interest,10.03,06-09-2025,1000.0,Twelve times a year,1000.0,164.8
INE01HV07437,VIVRITI CAPITAL LIMITED,20.0,2023-11-09,2025-07-22,2025-08-06,Interest,10.03,06-09-2025,1000.0,Twelve times a year,1000.0,170.39999999999998
INE01HV07437,VIVRITI CAPITAL LIMITED,20.0,2023-11-09,2025-08-22,2025-09-06,Interest,10.03,06-09-2025,1000.0,Twelve times a year,1000.0,170.39999999999998
INE01HV07437,VIVRITI CAPITAL LIMITED,20.0,2023-11-09,2025-08-22,2025-09-06,Redemption,10.03,06-09-2025,1000.0,Twelve times a year,1000.0,20000.0
INE0BUS07981,INDEL MONEY  LIMITED,20.0,2023-06-23,,2023-06-23,Investment,,,,,,-20000.0
INE0BUS07981,INDEL MONEY  LIMITED,20.0,2023-06-23,2023-07-21,2023-07-31,Interest,10.5,23-06-2025,1000.0,Twelve times a year,1000.0,224.4
INE0BUS07981,INDEL MONEY  LIMITED,20.0,2023-06-23,2023-08-22,2023-08-31,Interest,10.5,23-06-2025,1000.0,Twelve times a year,1000.0,178.4
INE0BUS07981,INDEL MONEY  LIMITED,20.0,2023-06-23,2023-09-22,2023-09-30,Interest,10.5,23-06-2025,1000.0,Twelve times a year,1000.0,172.60000000000002
INE0BUS07981,INDEL MONEY  LIMITED,20.0,2023-06-23,2023-10-20,2023-10-31,Interest,10.5,23-06-2025,1000.0,Twelve times a year,1000.0,178.4
INE0BUS07981,INDEL MONEY  LIMITED,20.0,2023-06-23,2023-11-21,2023-11-30,Interest,10.5,23-06-2025,1000.0,Twelve times a year,1000.0,172.60000000000002
INE0BUS07981,INDEL MONEY  LIMITED,20.0,2023-06-23,2023-12-22,2023-12-31,Interest,10.5,23-06-2025,1000.0,Twelve times a year,1000.0,178.4
INE0BUS07981,INDEL MONEY  LIMITED,20.0,2023-06-23,2024-01-22,2024-01-31,Interest,10.5,23-06-2025,1000.0,Twelve times a year,1000.0,177.8
INE0BUS07981,INDEL MONEY  LIMITED,20.0,2023-06-23,2024-02-20,2024-02-29,Interest,10.5,23-06-2025,1000.0,Twelve times a year,1000.0,166.4
INE0BUS07981,INDEL MONEY  LIMITED,20.0,2023-06-23,2024-03-22,2024-03-31,Interest,10.5,23-06-2025,1000.0,Twelve times a year,1000.0,177.8
INE0BUS07981,INDEL MONEY  LIMITED,20.0,2023-06-23,2024-04-22,2024-04-30,Interest,10.5,23-06-2025,1000.0,Twelve times a year,1000.0,172.2
INE0BUS07981,INDEL MONEY  LIMITED,20.0,2023-06-23,2024-05-22,2024-05-31,Interest,10.5,23-06-2025,1000.0,Twelve times a year,1000.0,177.8
INE0BUS07981,INDEL MONEY  LIMITED,20.0,2023-06-23,2024-06-21,2024-06-30,Interest,10.5,23-06-2025,1000.0,Twelve times a year,1000.0,172.2
INE0BUS07981,INDEL MONEY  LIMITED,20.0,2023-06-23,2024-07-22,2024-07-31,Interest,10.5,23-06-2025,1000.0,Twelve times a year,1000.0,177.8
INE0BUS07981,INDEL MONEY  LIMITED,20.0,2023-06-23,2024-08-23,2024-08-31,Interest,10.5,23-06-2025,1000.0,Twelve times a year,1000.0,177.8
INE0BUS07981,INDEL MONEY  LIMITED,20.0,2023-06-23,2024-09-20,2024-09-30,Interest,10.5,23-06-2025,1000.0,Twelve times a year,1000.0,172.2
INE0BUS07981,INDEL MONEY  LIMITED,20.0,2023-06-23,2024-10-22,2024-10-31,Interest,10.5,23-06-2025,1000.0,Twelve times a year,1000.0,177.8
INE0BUS07981,INDEL MONEY  LIMITED,20.0,2023-06-23,2024-11-22,2024-11-30,Interest,10.5,23-06-2025,1000.0,Twelve times a year,1000.0,172.2
INE0BUS07981,INDEL MONEY  LIMITED,20.0,2023-06-23,2024-12-20,2024-12-31,Interest,10.5,23-06-2025,1000.0,Twelve times a year,1000.0,177.8
INE0BUS07981,INDEL MONEY  LIMITED,20.0,2023-06-23,2025-01-22,2025-01-31,Interest,10.5,23-06-2025,1000.0,Twelve times a year,1000.0,178.4
INE0BUS07981,INDEL MONEY  LIMITED,20.0,2023-06-23,2025-02-19,2025-02-28,Interest,10.5,23-06-2025,1000.0,Twelve times a year,1000.0,161.0
INE0BUS07981,INDEL MONEY  LIMITED,20.0,2023-06-23,2025-03-21,2025-03-31,Interest,10.5,23-06-2025,1000.0,Twelve times a year,1000.0,178.4
INE0BUS07981,INDEL MONEY  LIMITED,20.0,2023-06-23,2025-04-22,2025-04-30,Interest,10.5,23-06-2025,1000.0,Twelve times a year,1000.0,172.60000000000002
INE0BUS07981,INDEL MONEY  LIMITED,20.0,2023-06-23,2025-05-23,2025-05-31,Interest,10.5,23-06-2025,1000.0,Twelve times a year,1000.0,178.4
INE0BUS07981,INDEL MONEY  LIMITED,20.0,2023-06-23,2025-06-11,2025-06-22,Redemption,10.5,23-06-2025,1000.0,Twelve times a year,1000.0,20000.0
INE0BUS07981,INDEL MONEY  LIMITED,20.0,2023-06-23,2025-06-11,2025-06-22,Interest,10.5,23-06-2025,1000.0,Twelve times a year,1000.0,126.6
INE148I07OM5,SAMMAAN CAPITAL LIMITED,20.0,2023-07-27,,2023-07-27,Investment,,,,,,-20000.0
INE148I07OM5,SAMMAAN CAPITAL LIMITED,20.0,2023-07-27,2024-07-12,2024-07-27,Interest,9.65,27-07-2025,1000.0,Once a year,1000.0,1930.0
INE148I07OM5,SAMMAAN CAPITAL LIMITED,20.0,2023-07-27,2025-07-12,2025-07-27,Interest,9.65,27-07-2025,1000.0,Once a year,1000.0,1930.0
INE583D07430,UGRO CAPITAL LIMITED,20.0,2024-02-27,,2024-02-27,Investment,,,,,,-20000.0
INE583D07430,UGRO CAPITAL LIMITED,20.0,2024-02-27,2025-02-12,2025-02-27,Interest,10.75,27-08-2025,1000.0,Once a year,1000.0,2150.0
INE583D07430,UGRO CAPITAL LIMITED,20.0,2024-02-27,2025-08-12,2025-08-27,Interest,10.75,27-08-2025,1000.0,Once a year,1000.0,1066.2
INE583D07430,UGRO CAPITAL LIMITED,20.0,2024-02-27,2025-08-12,2025-08-27,Redemption,10.75,27-08-2025,1000.0,Once a year,1000.0,20000.0
INE342T07395,NAVI FINSERV LIMITED,20.0,2023-07-18,,2023-07-18,Investment,,,,,,-20000.0
INE342T07395,NAVI FINSERV LIMITED,20.0,2023-07-18,2024-07-14,2024-07-27,Interest,10.75,18-10-2025,1000.0,Once a year,1000.0,2150.0
INE342T07395,NAVI FINSERV LIMITED,20.0,2023-07-18,2025-07-13,2025-07-27,Interest,10.75,18-10-2025,1000.0,Once a year,1000.0,2150.0
INE342T07395,NAVI FINSERV LIMITED,20.0,2023-07-18,2025-10-12,2025-10-27,Redemption,10.75,18-10-2025,1000.0,Once a year,1000.0,20000.0
INE342T07395,NAVI FINSERV LIMITED,20.0,2023-07-18,2025-10-12,2025-10-27,Interest,10.75,18-10-2025,1000.0,Once a year,1000.0,542.0
INE532F07CY6,EDELWEISS FINANCIAL SERVICES LIMITED,20.0,2022-10-20,,2022-10-20,Investment,,,,,,-20000.0
INE532F07CY6,EDELWEISS FINANCIAL SERVICES LIMITED,20.0,2022-10-20,2023-10-06,2023-10-21,Interest,9.25,20-10-2025,1000.0,Once a year,1000.0,1850.0
INE532F07CY6,EDELWEISS FINANCIAL SERVICES LIMITED,20.0,2022-10-20,2024-10-06,2024-10-21,Interest,9.25,20-10-2025,1000.0,Once a year,1000.0,1850.0
INE532F07CY6,EDELWEISS FINANCIAL SERVICES LIMITED,20.0,2022-10-20,2025-10-06,2025-10-21,Redemption,9.25,20-10-2025,1000.0,Once a year,1000.0,20000.0
INE532F07CY6,EDELWEISS FINANCIAL SERVICES LIMITED,20.0,2022-10-20,2025-10-06,2025-10-21,Interest,9.25,20-10-2025,1000.0,Once a year,1000.0,1850.0
INE148I07QN8,SAMMAAN CAPITAL LIMITED,20.0,2023-11-09,,2023-11-09,Investment,,,,,,-20000.0
INE148I07QN8,SAMMAAN CAPITAL LIMITED,20.0,2023-11-09,2024-10-25,2024-11-09,Interest,9.65,09-11-2025,1000.0,Once a year,1000.0,1930.0
INE148I07QN8,SAMMAAN CAPITAL LIMITED,20.0,2023-11-09,2025-10-25,2025-11-09,Interest,9.65,09-11-2025,1000.0,Once a year,1000.0,1930.0
INE321N07335,INCRED FINANCIAL SERVICES LIMITED,20.0,2023-11-10,,2023-11-10,Investment,,,,,,-20000.0
INE321N07335,INCRED FINANCIAL SERVICES LIMITED,20.0,2023-11-10,2024-01-28,2024-02-13,Redemption,9.55,10-11-2025,375.0,QUARTERLY,1000.0,2500.0
INE321N07335,INCRED FINANCIAL SERVICES LIMITED,20.0,2023-11-10,2024-01-28,2024-02-13,Interest,9.55,10-11-2025,375.0,QUARTERLY,1000.0,480.20000000000005
INE321N07335,INCRED FINANCIAL SERVICES LIMITED,20.0,2023-11-10,2024-04-28,2024-05-13,Interest,9.55,10-11-2025,375.0,QUARTERLY,1000.0,411.0
INE321N07335,INCRED FINANCIAL SERVICES LIMITED,20.0,2023-11-10,2024-04-28,2024-05-13,Redemption,9.55,10-11-2025,375.0,QUARTERLY,1000.0,2500.0
INE321N07335,INCRED FINANCIAL SERVICES LIMITED,20.0,2023-11-10,2024-07-28,2024-08-13,Redemption,9.55,10-11-2025,375.0,QUARTERLY,1000.0,2500.0
INE321N07335,INCRED FINANCIAL SERVICES LIMITED,20.0,2023-11-10,2024-07-28,2024-08-13,Interest,9.55,10-11-2025,375.0,QUARTERLY,1000.0,360.0
INE321N07335,INCRED FINANCIAL SERVICES LIMITED,20.0,2023-11-10,2024-10-28,2024-11-13,Redemption,9.55,10-11-2025,375.0,QUARTERLY,1000.0,2500.0
INE321N07335,INCRED FINANCIAL SERVICES LIMITED,20.0,2023-11-10,2024-10-28,2024-11-13,Interest,9.55,10-11-2025,375.0,QUARTERLY,1000.0,300.0
INE321N07335,INCRED FINANCIAL SERVICES LIMITED,20.0,2023-11-10,2025-01-28,2025-02-13,Redemption,9.55,10-11-2025,375.0,QUARTERLY,1000.0,2500.0
INE321N07335,INCRED FINANCIAL SERVICES LIMITED,20.0,2023-11-10,2025-01-28,2025-02-13,Interest,9.55,10-11-2025,375.0,QUARTERLY,1000.0,259.20000000000005
INE321N07335,INCRED FINANCIAL SERVICES LIMITED,20.0,2023-11-10,2025-04-28,2025-05-13,Redemption,9.55,10-11-2025,375.0,QUARTERLY,1000.0,2500.0
INE321N07335,INCRED FINANCIAL SERVICES LIMITED,20.0,2023-11-10,2025-04-28,2025-05-13,Interest,9.55,10-11-2025,375.0,QUARTERLY,1000.0,174.60000000000002
INE321N07335,INCRED FINANCIAL SERVICES LIMITED,20.0,2023-11-10,2025-07-28,2025-08-13,Redemption,9.55,10-11-2025,375.0,QUARTERLY,1000.0,2500.0
INE321N07335,INCRED FINANCIAL SERVICES LIMITED,20.0,2023-11-10,2025-07-28,2025-08-13,Interest,9.55,10-11-2025,375.0,QUARTERLY,1000.0,120.39999999999999
INE321N07335,INCRED FINANCIAL SERVICES LIMITED,20.0,2023-11-10,2025-10-28,2025-11-13,Interest,9.55,10-11-2025,375.0,QUARTERLY,1000.0,60.199999999999996
INE321N07335,INCRED FINANCIAL SERVICES LIMITED,20.0,2023-11-10,2025-10-28,2025-11-13,Redemption,9.55,10-11-2025,375.0,QUARTERLY,1000.0,2500.0
INE413U07228,IIFL SAMASTA FINANCE LIMITED,20.0,2023-12-21,,2023-12-21,Investment,,,,,,-20000.0
INE413U07228,IIFL SAMASTA FINANCE LIMITED,20.0,2023-12-21,2024-12-06,2024-12-21,Interest,9.6,21-12-2025,1000.0,Once a year,1000.0,1920.0
INE413U07228,IIFL SAMASTA FINANCE LIMITED,20.0,2023-12-21,2025-12-06,2025-12-21,Redemption,9.6,21-12-2025,1000.0,Once a year,1000.0,20000.0
INE413U07228,IIFL SAMASTA FINANCE LIMITED,20.0,2023-12-21,2025-12-06,2025-12-21,Interest,9.6,21-12-2025,1000.0,Once a year,1000.0,1920.0
INE148I07RD7,SAMMAAN CAPITAL LIMITED,20.0,2023-12-27,,2023-12-27,Investment,,,,,,-20000.0
INE148I07RD7,SAMMAAN CAPITAL LIMITED,20.0,2023-12-27,2024-12-12,2024-12-27,Interest,9.65,27-12-2025,1000.0,Once a year,1000.0,1930.0
INE148I07RD7,SAMMAAN CAPITAL LIMITED,20.0,2023-12-27,2025-12-12,2025-12-27,Interest,9.65,27-12-2025,1000.0,Once a year,1000.0,1930.0
INE03W107215,ARKA FINCAP LIMITED,20.0,2023-12-27,,2023-12-27,Investment,,,,,,-20000.0
INE03W107215,ARKA FINCAP LIMITED,20.0,2023-12-27,2024-12-12,2024-12-27,Interest,9.3,27-12-2025,1000.0,Once a year,1000.0,1860.0
INE03W107215,ARKA FINCAP LIMITED,20.0,2023-12-27,2025-12-12,2025-12-27,Interest,9.3,27-12-2025,1000.0,Once a year,1000.0,1860.0
INE03W107215,ARKA FINCAP LIMITED,20.0,2023-12-27,2025-12-12,2025-12-27,Redemption,9.3,27-12-2025,1000.0,Once a year,1000.0,20000.0
INE248U07EQ0,360 ONE PRIME LIMITED,12.0,2024-01-18,,2024-01-18,Investment,,,,,,-12000.0
INE248U07EQ0,360 ONE PRIME LIMITED,12.0,2024-01-18,2024-12-27,2025-01-11,Interest,9.41,18-01-2026,1000.0,Once a year,1000.0,1080.0
INE248U07EQ0,360 ONE PRIME LIMITED,12.0,2024-01-18,2025-12-26,2026-01-10,Redemption,9.41,18-01-2026,1000.0,Once a year,1000.0,13080.0
INE532F07DS6,EDELWEISS FINANCIAL SERVICES LIMITED,20.0,2023-04-27,,2023-04-27,Investment,,,,,,-20000.0
INE532F07DS6,EDELWEISS FINANCIAL SERVICES LIMITED,20.0,2023-04-27,2024-04-15,2024-04-27,Interest,9.6,27-04-2026,1000.0,Once a year,1000.0,1920.0
INE532F07DS6,EDELWEISS FINANCIAL SERVICES LIMITED,20.0,2023-04-27,2025-04-15,2025-04-27,Interest,9.6,27-04-2026,1000.0,Once a year,1000.0,1920.0
INE532F07DS6,EDELWEISS FINANCIAL SERVICES LIMITED,20.0,2023-04-27,2026-04-15,2026-04-27,Interest,9.6,27-04-2026,1000.0,Once a year,1000.0,1920.0
INE532F07DS6,EDELWEISS FINANCIAL SERVICES LIMITED,20.0,2023-04-27,2026-04-15,2026-04-27,Redemption,9.6,27-04-2026,1000.0,Once a year,1000.0,20000.0
INE342T07452,NAVI FINSERV LIMITED,20.0,2024-03-13,,2024-03-13,Investment,,,,,,-20000.0
INE342T07452,NAVI FINSERV LIMITED,20.0,2024-03-13,2025-02-27,2025-03-14,Interest,10.9,13-06-2026,1000.0,Once a year,1000.0,2180.0
INE342T07452,NAVI FINSERV LIMITED,20.0,2024-03-13,2026-02-27,2026-03-14,Interest,10.9,13-06-2026,1000.0,Once a year,1000.0,2180.0
INE342T07452,NAVI FINSERV LIMITED,20.0,2024-03-13,2026-05-30,2026-06-14,Redemption,10.9,13-06-2026,1000.0,Once a year,1000.0,20549.4
INE532F07ED6,EDELWEISS FINANCIAL SERVICES LIMITED,20.0,2023-07-21,,2023-07-21,Investment,,,,,,-20000.0
INE532F07ED6,EDELWEISS FINANCIAL SERVICES LIMITED,20.0,2023-07-21,2024-07-06,2024-07-21,Interest,9.6,21-07-2026,1000.0,Once a year,1000.0,1920.0
INE532F07ED6,EDELWEISS FINANCIAL SERVICES LIMITED,20.0,2023-07-21,2025-07-06,2025-07-21,Interest,9.6,21-07-2026,1000.0,Once a year,1000.0,1920.0
INE532F07ED6,EDELWEISS FINANCIAL SERVICES LIMITED,20.0,2023-07-21,2026-07-06,2026-07-21,Redemption,9.6,21-07-2026,1000.0,Once a year,1000.0,20000.0
INE532F07ED6,EDELWEISS FINANCIAL SERVICES LIMITED,20.0,2023-07-21,2026-07-06,2026-07-21,Interest,9.6,21-07-2026,1000.0,Once a year,1000.0,1920.0
INE532F07EP0,EDELWEISS FINANCIAL SERVICES LIMITED,20.0,2023-10-26,,2023-10-26,Investment,,,,,,-20000.0
INE532F07EP0,EDELWEISS FINANCIAL SERVICES LIMITED,20.0,2023-10-26,2024-10-11,2024-10-26,Interest,9.6,26-10-2026,1000.0,Once a year,1000.0,1920.0
INE532F07EP0,EDELWEISS FINANCIAL SERVICES LIMITED,20.0,2023-10-26,2025-10-11,2025-10-26,Interest,9.6,26-10-2026,1000.0,Once a year,1000.0,1920.0
INE532F07EP0,EDELWEISS FINANCIAL SERVICES LIMITED,20.0,2023-10-26,2026-10-11,2026-10-26,Redemption,9.6,26-10-2026,1000.0,Once a year,1000.0,20000.0
INE532F07EP0,EDELWEISS FINANCIAL SERVICES LIMITED,20.0,2023-10-26,2026-10-11,2026-10-26,Interest,9.6,26-10-2026,1000.0,Once a year,1000.0,1920.0
INE296G07192,MUTHOOT CAPITAL SERVICES LIMITED,2.0,2025-01-07,,2025-01-07,Investment,,,,,,-19934.44
INE296G07192,MUTHOOT CAPITAL SERVICES LIMITED,2.0,2025-01-07,2025-01-14,2025-01-29,Interest,9.9,29-10-2026,10000.0,Twelve times a year,10000.0,168.16
INE296G07192,MUTHOOT CAPITAL SERVICES LIMITED,2.0,2025-01-07,2025-02-13,2025-02-28,Interest,9.9,29-10-2026,10000.0,Twelve times a year,10000.0,162.74
INE296G07192,MUTHOOT CAPITAL SERVICES LIMITED,2.0,2025-01-07,2025-03-14,2025-03-29,Interest,9.9,29-10-2026,10000.0,Twelve times a year,10000.0,157.32
INE296G07192,MUTHOOT CAPITAL SERVICES LIMITED,2.0,2025-01-07,2025-04-14,2025-04-29,Interest,9.9,29-10-2026,10000.0,Twelve times a year,10000.0,168.16
INE296G07192,MUTHOOT CAPITAL SERVICES LIMITED,2.0,2025-01-07,2025-04-14,2025-04-29,Redemption,9.9,29-10-2026,10000.0,Twelve times a year,10000.0,5000.0
INE296G07192,MUTHOOT CAPITAL SERVICES LIMITED,2.0,2025-01-07,2025-05-14,2025-05-29,Interest,9.9,29-10-2026,10000.0,Twelve times a year,10000.0,122.06
INE296G07192,MUTHOOT CAPITAL SERVICES LIMITED,2.0,2025-01-07,2025-06-14,2025-06-29,Interest,9.9,29-10-2026,10000.0,Twelve times a year,10000.0,126.12
INE296G07192,MUTHOOT CAPITAL SERVICES LIMITED,2.0,2025-01-07,2025-07-14,2025-07-29,Interest,9.9,29-10-2026,10000.0,Twelve times a year,10000.0,122.06
INE296G07192,MUTHOOT CAPITAL SERVICES LIMITED,2.0,2025-01-07,2025-08-14,2025-08-29,Interest,9.9,29-10-2026,10000.0,Twelve times a year,10000.0,126.12
INE296G07192,MUTHOOT CAPITAL SERVICES LIMITED,2.0,2025-01-07,2025-09-14,2025-09-29,Interest,9.9,29-10-2026,10000.0,Twelve times a year,10000.0,126.12
INE296G07192,MUTHOOT CAPITAL SERVICES LIMITED,2.0,2025-01-07,2025-10-14,2025-10-29,Redemption,9.9,29-10-2026,10000.0,Twelve times a year,10000.0,5000.0
INE296G07192,MUTHOOT CAPITAL SERVICES LIMITED,2.0,2025-01-07,2025-10-14,2025-10-29,Interest,9.9,29-10-2026,10000.0,Twelve times a year,10000.0,122.06
INE296G07192,MUTHOOT CAPITAL SERVICES LIMITED,2.0,2025-01-07,2025-11-14,2025-11-29,Interest,9.9,29-10-2026,10000.0,Twelve times a year,10000.0,84.08
INE296G07192,MUTHOOT CAPITAL SERVICES LIMITED,2.0,2025-01-07,2025-12-14,2025-12-29,Interest,9.9,29-10-2026,10000.0,Twelve times a year,10000.0,81.36
INE296G07192,MUTHOOT CAPITAL SERVICES LIMITED,2.0,2025-01-07,2026-01-14,2026-01-29,Interest,9.9,29-10-2026,10000.0,Twelve times a year,10000.0,84.08
INE296G07192,MUTHOOT CAPITAL SERVICES LIMITED,2.0,2025-01-07,2026-02-13,2026-02-28,Interest,9.9,29-10-2026,10000.0,Twelve times a year,10000.0,81.36
INE296G07192,MUTHOOT CAPITAL SERVICES LIMITED,2.0,2025-01-07,2026-03-14,2026-03-29,Interest,9.9,29-10-2026,10000.0,Twelve times a year,10000.0,78.66
INE296G07192,MUTHOOT CAPITAL SERVICES LIMITED,2.0,2025-01-07,2026-04-14,2026-04-29,Redemption,9.9,29-10-2026,10000.0,Twelve times a year,10000.0,5000.0
INE296G07192,MUTHOOT CAPITAL SERVICES LIMITED,2.0,2025-01-07,2026-04-14,2026-04-29,Interest,9.9,29-10-2026,10000.0,Twelve times a year,10000.0,84.08
INE296G07192,MUTHOOT CAPITAL SERVICES LIMITED,2.0,2025-01-07,2026-05-14,2026-05-29,Interest,9.9,29-10-2026,10000.0,Twelve times a year,10000.0,40.68
INE296G07192,MUTHOOT CAPITAL SERVICES LIMITED,2.0,2025-01-07,2026-06-14,2026-06-29,Interest,9.9,29-10-2026,10000.0,Twelve times a year,10000.0,42.04
INE296G07192,MUTHOOT CAPITAL SERVICES LIMITED,2.0,2025-01-07,2026-07-14,2026-07-29,Interest,9.9,29-10-2026,10000.0,Twelve times a year,10000.0,40.68
INE296G07192,MUTHOOT CAPITAL SERVICES LIMITED,2.0,2025-01-07,2026-08-14,2026-08-29,Interest,9.9,29-10-2026,10000.0,Twelve times a year,10000.0,42.04
INE296G07192,MUTHOOT CAPITAL SERVICES LIMITED,2.0,2025-01-07,2026-09-14,2026-09-29,Interest,9.9,29-10-2026,10000.0,Twelve times a year,10000.0,42.04
INE296G07192,MUTHOOT CAPITAL SERVICES LIMITED,2.0,2025-01-07,2026-10-14,2026-10-29,Interest,9.9,29-10-2026,10000.0,Twelve times a year,10000.0,40.68
INE296G07192,MUTHOOT CAPITAL SERVICES LIMITED,2.0,2025-01-07,2026-10-14,2026-10-29,Redemption,9.9,29-10-2026,10000.0,Twelve times a year,10000.0,5000.0
INE549K07CV6,MUTHOOT FINCORP LIMITED,20.0,2023-11-01,,2023-11-01,Investment,,,,,,-20000.0
INE549K07CV6,MUTHOOT FINCORP LIMITED,20.0,2023-11-01,2024-10-11,2024-11-01,Interest,9.27,01-11-2026,1000.0,Once a year,1000.0,1854.0
INE549K07CV6,MUTHOOT FINCORP LIMITED,20.0,2023-11-01,2025-10-13,2025-11-01,Interest,9.27,01-11-2026,1000.0,Once a year,1000.0,1854.0
INE549K07CV6,MUTHOOT FINCORP LIMITED,20.0,2023-11-01,2026-10-12,2026-11-01,Interest,9.27,01-11-2026,1000.0,Once a year,1000.0,1854.0
INE549K07CV6,MUTHOOT FINCORP LIMITED,20.0,2023-11-01,2026-10-12,2026-11-01,Redemption,9.27,01-11-2026,1000.0,Once a year,1000.0,20000.0
INE01HV07528,VIVRITI CAPITAL LIMITED,2.0,2025-01-27,,2025-01-27,Investment,,,,,,-20050.75
INE01HV07528,VIVRITI CAPITAL LIMITED,2.0,2025-01-27,2025-03-09,2025-03-24,Interest,10.11,23-12-2026,10000.0,QUARTERLY,10000.0,498.58
INE01HV07528,VIVRITI CAPITAL LIMITED,2.0,2025-01-27,2025-06-09,2025-06-24,Interest,10.11,23-12-2026,10000.0,QUARTERLY,10000.0,509.66
INE01HV07528,VIVRITI CAPITAL LIMITED,2.0,2025-01-27,2025-09-09,2025-09-24,Interest,10.11,23-12-2026,10000.0,QUARTERLY,10000.0,509.66
INE01HV07528,VIVRITI CAPITAL LIMITED,2.0,2025-01-27,2025-12-09,2025-12-24,Interest,10.11,23-12-2026,10000.0,QUARTERLY,10000.0,504.12
INE01HV07528,VIVRITI CAPITAL LIMITED,2.0,2025-01-27,2026-03-09,2026-03-24,Interest,10.11,23-12-2026,10000.0,QUARTERLY,10000.0,498.58
INE01HV07528,VIVRITI CAPITAL LIMITED,2.0,2025-01-27,2026-06-09,2026-06-24,Interest,10.11,23-12-2026,10000.0,QUARTERLY,10000.0,509.66
INE01HV07528,VIVRITI CAPITAL LIMITED,2.0,2025-01-27,2026-09-09,2026-09-24,Interest,10.11,23-12-2026,10000.0,QUARTERLY,10000.0,509.66
INE01HV07528,VIVRITI CAPITAL LIMITED,2.0,2025-01-27,2026-12-08,2026-12-23,Interest,10.11,23-12-2026,10000.0,QUARTERLY,10000.0,498.58
INE01HV07528,VIVRITI CAPITAL LIMITED,2.0,2025-01-27,2026-12-08,2026-12-23,Redemption,10.11,23-12-2026,10000.0,QUARTERLY,10000.0,20000.0
INE179P07548,DVARA KSHETRIYA GRAMIN FINANCIAL SERVICES PRIVATE LIMITED,2.0,2024-11-12,,2024-11-12,Investment,,,,,,-19958.24
INE179P07548,DVARA KSHETRIYA GRAMIN FINANCIAL SERVICES PRIVATE LIMITED,2.0,2024-11-12,2024-11-12,2024-11-27,Interest,11.0,27-12-2026,10000.0,Twelve times a year,10000.0,0.0
INE179P07548,DVARA KSHETRIYA GRAMIN FINANCIAL SERVICES PRIVATE LIMITED,2.0,2024-11-12,2024-12-12,2024-12-27,Interest,11.0,27-12-2026,10000.0,Twelve times a year,10000.0,0.0
INE179P07548,DVARA KSHETRIYA GRAMIN FINANCIAL SERVICES PRIVATE LIMITED,2.0,2024-11-12,2025-01-12,2025-01-27,Interest,11.0,27-12-2026,10000.0,Twelve times a year,10000.0,0.0
INE179P07548,DVARA KSHETRIYA GRAMIN FINANCIAL SERVICES PRIVATE LIMITED,2.0,2024-11-12,2025-02-12,2025-02-27,Interest,11.0,27-12-2026,10000.0,Twelve times a year,10000.0,0.0
INE179P07548,DVARA KSHETRIYA GRAMIN FINANCIAL SERVICES PRIVATE LIMITED,2.0,2024-11-12,2025-03-12,2025-03-27,Interest,11.0,27-12-2026,10000.0,Twelve times a year,10000.0,0.0
INE179P07548,DVARA KSHETRIYA GRAMIN FINANCIAL SERVICES PRIVATE LIMITED,2.0,2024-11-12,2025-03-12,2025-03-27,Redemption,11.0,27-12-2026,10000.0,Twelve times a year,10000.0,0.0
INE179P07548,DVARA KSHETRIYA GRAMIN FINANCIAL SERVICES PRIVATE LIMITED,2.0,2024-11-12,2025-04-12,2025-04-27,Interest,11.0,27-12-2026,10000.0,Twelve times a year,10000.0,0.0
INE179P07548,DVARA KSHETRIYA GRAMIN FINANCIAL SERVICES PRIVATE LIMITED,2.0,2024-11-12,2025-05-12,2025-05-27,Interest,11.0,27-12-2026,10000.0,Twelve times a year,10000.0,0.0
INE179P07548,DVARA KSHETRIYA GRAMIN FINANCIAL SERVICES PRIVATE LIMITED,2.0,2024-11-12,2025-06-12,2025-06-27,Interest,11.0,27-12-2026,10000.0,Twelve times a year,10000.0,0.0
INE179P07548,DVARA KSHETRIYA GRAMIN FINANCIAL SERVICES PRIVATE LIMITED,2.0,2024-11-12,2025-06-12,2025-06-27,Redemption,11.0,27-12-2026,10000.0,Twelve times a year,10000.0,0.0
INE179P07548,DVARA KSHETRIYA GRAMIN FINANCIAL SERVICES PRIVATE LIMITED,2.0,2024-11-12,2025-07-12,2025-07-27,Interest,11.0,27-12-2026,10000.0,Twelve times a year,10000.0,0.0
INE179P07548,DVARA KSHETRIYA GRAMIN FINANCIAL SERVICES PRIVATE LIMITED,2.0,2024-11-12,2025-08-12,2025-08-27,Interest,11.0,27-12-2026,10000.0,Twelve times a year,10000.0,0.0
INE179P07548,DVARA KSHETRIYA GRAMIN FINANCIAL SERVICES PRIVATE LIMITED,2.0,2024-11-12,2025-09-12,2025-09-27,Redemption,11.0,27-12-2026,10000.0,Twelve times a year,10000.0,0.0
INE179P07548,DVARA KSHETRIYA GRAMIN FINANCIAL SERVICES PRIVATE LIMITED,2.0,2024-11-12,2025-09-12,2025-09-27,Interest,11.0,27-12-2026,10000.0,Twelve times a year,10000.0,0.0
INE179P07548,DVARA KSHETRIYA GRAMIN FINANCIAL SERVICES PRIVATE LIMITED,2.0,2024-11-12,2025-10-12,2025-10-27,Interest,11.0,27-12-2026,10000.0,Twelve times a year,10000.0,0.0
INE179P07548,DVARA KSHETRIYA GRAMIN FINANCIAL SERVICES PRIVATE LIMITED,2.0,2024-11-12,2025-11-12,2025-11-27,Interest,11.0,27-12-2026,10000.0,Twelve times a year,10000.0,0.0
INE179P07548,DVARA KSHETRIYA GRAMIN FINANCIAL SERVICES PRIVATE LIMITED,2.0,2024-11-12,2025-12-12,2025-12-27,Interest,11.0,27-12-2026,10000.0,Twelve times a year,10000.0,0.0
INE179P07548,DVARA KSHETRIYA GRAMIN FINANCIAL SERVICES PRIVATE LIMITED,2.0,2024-11-12,2026-01-12,2026-01-27,Interest,11.0,27-12-2026,10000.0,Twelve times a year,10000.0,0.0
INE179P07548,DVARA KSHETRIYA GRAMIN FINANCIAL SERVICES PRIVATE LIMITED,2.0,2024-11-12,2026-02-12,2026-02-27,Interest,11.0,27-12-2026,10000.0,Twelve times a year,10000.0,0.0
INE179P07548,DVARA KSHETRIYA GRAMIN FINANCIAL SERVICES PRIVATE LIMITED,2.0,2024-11-12,2026-03-12,2026-03-27,Interest,11.0,27-12-2026,10000.0,Twelve times a year,10000.0,0.0
INE179P07548,DVARA KSHETRIYA GRAMIN FINANCIAL SERVICES PRIVATE LIMITED,2.0,2024-11-12,2026-03-12,2026-03-27,Redemption,11.0,27-12-2026,10000.0,Twelve times a year,10000.0,0.0
INE179P07548,DVARA KSHETRIYA GRAMIN FINANCIAL SERVICES PRIVATE LIMITED,2.0,2024-11-12,2026-04-12,2026-04-27,Interest,11.0,27-12-2026,10000.0,Twelve times a year,10000.0,0.0
INE179P07548,DVARA KSHETRIYA GRAMIN FINANCIAL SERVICES PRIVATE LIMITED,2.0,2024-11-12,2026-05-12,2026-05-27,Interest,11.0,27-12-2026,10000.0,Twelve times a year,10000.0,0.0
INE179P07548,DVARA KSHETRIYA GRAMIN FINANCIAL SERVICES PRIVATE LIMITED,2.0,2024-11-12,2026-06-12,2026-06-27,Interest,11.0,27-12-2026,10000.0,Twelve times a year,10000.0,0.0
INE179P07548,DVARA KSHETRIYA GRAMIN FINANCIAL SERVICES PRIVATE LIMITED,2.0,2024-11-12,2026-06-12,2026-06-27,Redemption,11.0,27-12-2026,10000.0,Twelve times a year,10000.0,0.0
INE179P07548,DVARA KSHETRIYA GRAMIN FINANCIAL SERVICES PRIVATE LIMITED,2.0,2024-11-12,2026-07-12,2026-07-27,Interest,11.0,27-12-2026,10000.0,Twelve times a year,10000.0,0.0
INE179P07548,DVARA KSHETRIYA GRAMIN FINANCIAL SERVICES PRIVATE LIMITED,2.0,2024-11-12,2026-08-12,2026-08-27,Interest,11.0,27-12-2026,10000.0,Twelve times a year,10000.0,0.0
INE179P07548,DVARA KSHETRIYA GRAMIN FINANCIAL SERVICES PRIVATE LIMITED,2.0,2024-11-12,2026-09-12,2026-09-27,Redemption,11.0,27-12-2026,10000.0,Twelve times a year,10000.0,0.0
INE179P07548,DVARA KSHETRIYA GRAMIN FINANCIAL SERVICES PRIVATE LIMITED,2.0,2024-11-12,2026-09-12,2026-09-27,Interest,11.0,27-12-2026,10000.0,Twelve times a year,10000.0,0.0
INE179P07548,DVARA KSHETRIYA GRAMIN FINANCIAL SERVICES PRIVATE LIMITED,2.0,2024-11-12,2026-10-12,2026-10-27,Interest,11.0,27-12-2026,10000.0,Twelve times a year,10000.0,0.0
INE179P07548,DVARA KSHETRIYA GRAMIN FINANCIAL SERVICES PRIVATE LIMITED,2.0,2024-11-12,2026-11-12,2026-11-27,Interest,11.0,27-12-2026,10000.0,Twelve times a year,10000.0,0.0
INE179P07548,DVARA KSHETRIYA GRAMIN FINANCIAL SERVICES PRIVATE LIMITED,2.0,2024-11-12,2026-12-12,2026-12-27,Redemption,11.0,27-12-2026,10000.0,Twelve times a year,10000.0,0.0
INE179P07548,DVARA KSHETRIYA GRAMIN FINANCIAL SERVICES PRIVATE LIMITED,2.0,2024-11-12,2026-12-12,2026-12-27,Interest,11.0,27-12-2026,10000.0,Twelve times a year,10000.0,0.0
INE403Q07FE2,KOSAMATTAM FINANCE LIMITED,2.0,2025-01-27,,2025-01-27,Investment,,,,,,-19872.6
INE403Q07FE2,KOSAMATTAM FINANCE LIMITED,2.0,2025-01-27,2025-02-12,2025-03-01,Interest,10.0,31-12-2026,10000.0,Twelve times a year,10000.0,154.0
INE403Q07FE2,KOSAMATTAM FINANCE LIMITED,2.0,2025-01-27,2025-03-15,2025-04-01,Interest,10.0,31-12-2026,10000.0,Twelve times a year,10000.0,170.0
INE403Q07FE2,KOSAMATTAM FINANCE LIMITED,2.0,2025-01-27,2025-04-14,2025-05-01,Interest,10.0,31-12-2026,10000.0,Twelve times a year,10000.0,164.0
INE403Q07FE2,KOSAMATTAM FINANCE LIMITED,2.0,2025-01-27,2025-05-15,2025-06-01,Interest,10.0,31-12-2026,10000.0,Twelve times a year,10000.0,170.0
INE403Q07FE2,KOSAMATTAM FINANCE LIMITED,2.0,2025-01-27,2025-06-14,2025-07-01,Interest,10.0,31-12-2026,10000.0,Twelve times a year,10000.0,164.0
INE403Q07FE2,KOSAMATTAM FINANCE LIMITED,2.0,2025-01-27,2025-07-15,2025-08-01,Interest,10.0,31-12-2026,10000.0,Twelve times a year,10000.0,170.0
INE403Q07FE2,KOSAMATTAM FINANCE LIMITED,2.0,2025-01-27,2025-08-14,2025-09-01,Interest,10.0,31-12-2026,10000.0,Twelve times a year,10000.0,170.0
INE403Q07FE2,KOSAMATTAM FINANCE LIMITED,2.0,2025-01-27,2025-09-14,2025-10-01,Interest,10.0,31-12-2026,10000.0,Twelve times a year,10000.0,164.0
INE403Q07FE2,KOSAMATTAM FINANCE LIMITED,2.0,2025-01-27,2025-10-15,2025-11-01,Interest,10.0,31-12-2026,10000.0,Twelve times a year,10000.0,170.0
INE403Q07FE2,KOSAMATTAM FINANCE LIMITED,2.0,2025-01-27,2025-11-14,2025-12-01,Interest,10.0,31-12-2026,10000.0,Twelve times a year,10000.0,164.0
INE403Q07FE2,KOSAMATTAM FINANCE LIMITED,2.0,2025-01-27,2025-12-15,2026-01-01,Interest,10.0,31-12-2026,10000.0,Twelve times a year,10000.0,170.0
INE403Q07FE2,KOSAMATTAM FINANCE LIMITED,2.0,2025-01-27,2026-01-15,2026-02-01,Interest,10.0,31-12-2026,10000.0,Twelve times a year,10000.0,170.0
INE403Q07FE2,KOSAMATTAM FINANCE LIMITED,2.0,2025-01-27,2026-02-12,2026-03-01,Interest,10.0,31-12-2026,10000.0,Twelve times a year,10000.0,154.0
INE403Q07FE2,KOSAMATTAM FINANCE LIMITED,2.0,2025-01-27,2026-03-15,2026-04-01,Interest,10.0,31-12-2026,10000.0,Twelve times a year,10000.0,170.0
INE403Q07FE2,KOSAMATTAM FINANCE LIMITED,2.0,2025-01-27,2026-04-14,2026-05-01,Interest,10.0,31-12-2026,10000.0,Twelve times a year,10000.0,164.0
INE403Q07FE2,KOSAMATTAM FINANCE LIMITED,2.0,2025-01-27,2026-05-15,2026-06-01,Interest,10.0,31-12-2026,10000.0,Twelve times a year,10000.0,170.0
INE403Q07FE2,KOSAMATTAM FINANCE LIMITED,2.0,2025-01-27,2026-06-14,2026-07-01,Interest,10.0,31-12-2026,10000.0,Twelve times a year,10000.0,164.0
INE403Q07FE2,KOSAMATTAM FINANCE LIMITED,2.0,2025-01-27,2026-07-15,2026-08-01,Interest,10.0,31-12-2026,10000.0,Twelve times a year,10000.0,170.0
INE403Q07FE2,KOSAMATTAM FINANCE LIMITED,2.0,2025-01-27,2026-08-15,2026-09-01,Interest,10.0,31-12-2026,10000.0,Twelve times a year,10000.0,170.0
INE403Q07FE2,KOSAMATTAM FINANCE LIMITED,2.0,2025-01-27,2026-09-14,2026-10-01,Interest,10.0,31-12-2026,10000.0,Twelve times a year,10000.0,164.0
INE403Q07FE2,KOSAMATTAM FINANCE LIMITED,2.0,2025-01-27,2026-10-15,2026-11-01,Interest,10.0,31-12-2026,10000.0,Twelve times a year,10000.0,170.0
INE403Q07FE2,KOSAMATTAM FINANCE LIMITED,2.0,2025-01-27,2026-11-14,2026-12-01,Interest,10.0,31-12-2026,10000.0,Twelve times a year,10000.0,164.0
INE403Q07FE2,KOSAMATTAM FINANCE LIMITED,2.0,2025-01-27,2026-12-13,2026-12-30,Interest,10.0,31-12-2026,10000.0,Twelve times a year,10000.0,158.0
INE403Q07FE2,KOSAMATTAM FINANCE LIMITED,2.0,2025-01-27,2026-12-13,2026-12-30,Redemption,10.0,31-12-2026,10000.0,Twelve times a year,10000.0,20000.0
INE148I07LT6,SAMMAAN CAPITAL LIMITED,20.0,2022-04-28,,2022-04-28,Investment,,,,,,-20000.0
INE148I07LT6,SAMMAAN CAPITAL LIMITED,20.0,2022-04-28,2022-04-28,2025-04-28,Interest,9.25,28-04-2027,1000.0,"PAYABLE ON ANNUALLY BASIS ON 28/04/2023, 29/04/2024 AND SO ON TILL MATURITY.",1000.0,1850.0
INE148I07LT6,SAMMAAN CAPITAL LIMITED,20.0,2022-04-28,2022-04-28,2027-04-28,Interest,9.25,28-04-2027,1000.0,"PAYABLE ON ANNUALLY BASIS ON 28/04/2023, 29/04/2024 AND SO ON TILL MATURITY.",1000.0,1850.0
INE148I07LT6,SAMMAAN CAPITAL LIMITED,20.0,2022-04-28,2022-04-28,2026-04-28,Interest,9.25,28-04-2027,1000.0,"PAYABLE ON ANNUALLY BASIS ON 28/04/2023, 29/04/2024 AND SO ON TILL MATURITY.",1000.0,1850.0
INE148I07LT6,SAMMAAN CAPITAL LIMITED,20.0,2022-04-28,2022-04-28,2024-04-28,Interest,9.25,28-04-2027,1000.0,"PAYABLE ON ANNUALLY BASIS ON 28/04/2023, 29/04/2024 AND SO ON TILL MATURITY.",1000.0,1850.0
INE148I07LT6,SAMMAAN CAPITAL LIMITED,20.0,2022-04-28,2022-04-28,2027-04-28,Redemption,9.25,28-04-2027,1000.0,"PAYABLE ON ANNUALLY BASIS ON 28/04/2023, 29/04/2024 AND SO ON TILL MATURITY.",1000.0,20000.0
INE148I07LT6,SAMMAAN CAPITAL LIMITED,20.0,2022-04-28,2022-04-28,2023-04-28,Interest,9.25,28-04-2027,1000.0,"PAYABLE ON ANNUALLY BASIS ON 28/04/2023, 29/04/2024 AND SO ON TILL MATURITY.",1000.0,1850.0
INE530L07483,NIDO HOME FINANCE LIMITED,20.0,2022-04-29,,2022-04-29,Investment,,,,,,-20000.0
INE523L07751,NUVAMA WEALTH AND INVESTMENT LIMITED,20.0,2022-07-15,,2022-07-15,Investment,,,,,,-20000.0
INE523L07751,NUVAMA WEALTH AND INVESTMENT LIMITED,20.0,2022-07-15,2022-07-15,2027-07-29,Redemption,9.55,15-07-2027,1000.0,Once a year,1000.0,20000.0
INE523L07751,NUVAMA WEALTH AND INVESTMENT LIMITED,20.0,2022-07-15,2022-07-15,2023-07-29,Interest,9.55,15-07-2027,1000.0,Once a year,1000.0,1910.0
INE523L07751,NUVAMA WEALTH AND INVESTMENT LIMITED,20.0,2022-07-15,2022-07-15,2026-07-29,Interest,9.55,15-07-2027,1000.0,Once a year,1000.0,1910.0
INE523L07751,NUVAMA WEALTH AND INVESTMENT LIMITED,20.0,2022-07-15,2022-07-15,2025-07-29,Interest,9.55,15-07-2027,1000.0,Once a year,1000.0,1910.0
INE523L07751,NUVAMA WEALTH AND INVESTMENT LIMITED,20.0,2022-07-15,2022-07-15,2027-07-29,Interest,9.55,15-07-2027,1000.0,Once a year,1000.0,1910.0
INE523L07751,NUVAMA WEALTH AND INVESTMENT LIMITED,20.0,2022-07-15,2022-07-15,2024-07-29,Interest,9.55,15-07-2027,1000.0,Once a year,1000.0,1910.0
INE551U07340,SAMUNNATI FINANCE PRIVATE LIMITED,1.0,2025-02-19,,2025-02-19,Investment,,,,,,-74281.0
INE551U07340,SAMUNNATI FINANCE PRIVATE LIMITED,1.0,2025-02-19,2025-03-09,2025-03-24,Interest,11.25,05-01-2026,75000.0,Twelve times a year,100000.0,647.26
INE551U07340,SAMUNNATI FINANCE PRIVATE LIMITED,1.0,2025-02-19,2025-04-09,2025-04-24,Redemption,11.25,05-01-2026,75000.0,Twelve times a year,100000.0,25000.0
INE551U07340,SAMUNNATI FINANCE PRIVATE LIMITED,1.0,2025-02-19,2025-04-09,2025-04-24,Interest,11.25,05-01-2026,75000.0,Twelve times a year,100000.0,716.61
INE551U07340,SAMUNNATI FINANCE PRIVATE LIMITED,1.0,2025-02-19,2025-05-09,2025-05-24,Interest,11.25,05-01-2026,75000.0,Twelve times a year,100000.0,462.33
INE551U07340,SAMUNNATI FINANCE PRIVATE LIMITED,1.0,2025-02-19,2025-06-09,2025-06-24,Interest,11.25,05-01-2026,75000.0,Twelve times a year,100000.0,477.74
INE551U07340,SAMUNNATI FINANCE PRIVATE LIMITED,1.0,2025-02-19,2025-07-09,2025-07-24,Interest,11.25,05-01-2026,75000.0,Twelve times a year,100000.0,462.33
INE551U07340,SAMUNNATI FINANCE PRIVATE LIMITED,1.0,2025-02-19,2025-07-09,2025-07-24,Redemption,11.25,05-01-2026,75000.0,Twelve times a year,100000.0,25000.0
INE551U07340,SAMUNNATI FINANCE PRIVATE LIMITED,1.0,2025-02-19,2025-08-09,2025-08-24,Interest,11.25,05-01-2026,75000.0,Twelve times a year,100000.0,238.87
INE551U07340,SAMUNNATI FINANCE PRIVATE LIMITED,1.0,2025-02-19,2025-09-09,2025-09-24,Interest,11.25,05-01-2026,75000.0,Twelve times a year,100000.0,238.87
INE551U07340,SAMUNNATI FINANCE PRIVATE LIMITED,1.0,2025-02-19,2025-10-09,2025-10-24,Interest,11.25,05-01-2026,75000.0,Twelve times a year,100000.0,231.16
INE551U07340,SAMUNNATI FINANCE PRIVATE LIMITED,1.0,2025-02-19,2025-11-09,2025-11-24,Interest,11.25,05-01-2026,75000.0,Twelve times a year,100000.0,238.87
INE551U07340,SAMUNNATI FINANCE PRIVATE LIMITED,1.0,2025-02-19,2025-11-09,2025-11-24,Redemption,11.25,05-01-2026,75000.0,Twelve times a year,100000.0,25000.0
