[
    { "isin": "INE998Y07154", "investment_date": "22-01-2025", "units": 2, "invested_amount": "20556.97" },
    { "isin": "INE0RU307130", "investment_date": "08-01-2025", "units": 2, "invested_amount": "19929.01" },
    { "isin": "INE583D07505", "investment_date": "08-01-2025", "units": 20, "invested_amount": "20003.54" },
    { "isin": "INE140A07757", "investment_date": "26-12-2023", "units": 20, "invested_amount": "20165" },
    { "isin": "INE01HV07437", "investment_date": "09-11-2023", "units": 20, "invested_amount": "19937.63" },
    { "isin": "INE0BUS07981", "investment_date": "23-06-2023", "units": 20, "invested_amount": "20000" },
    { "isin": "INE148I07OM5", "investment_date": "27-07-2023", "units": 20, "invested_amount": "20000" },
    { "isin": "INE583D07430", "investment_date": "27-02-2024", "units": 20, "invested_amount": "20000" },
    { "isin": "INE342T07395", "investment_date": "18-07-2023", "units": 20, "invested_amount": "20000" },
    { "isin": "INE532F07CY6", "investment_date": "20-10-2022", "units": 20, "invested_amount": "20000" },
    { "isin": "INE148I07QN8", "investment_date": "09-11-2023", "units": 20, "invested_amount": "20000" },
    { "isin": "INE321N07335", "investment_date": "10-11-2023", "units": 20, "invested_amount": "20000" },
    { "isin": "INE413U07228", "investment_date": "21-12-2023", "units": 20, "invested_amount": "20000" },
    { "isin": "INE148I07RD7", "investment_date": "27-12-2023", "units": 20, "invested_amount": "20000" },
    { "isin": "INE03W107215", "investment_date": "27-12-2023", "units": 20, "invested_amount": "20000" },
    { "isin": "INE248U07EQ0", "investment_date": "18-01-2024", "units": 12, "invested_amount": "12000" },
    { "isin": "INE532F07DS6", "investment_date": "27-04-2023", "units": 20, "invested_amount": "20000" },
    { "isin": "INE342T07452", "investment_date": "13-03-2024", "units": 20, "invested_amount": "20000" },
    { "isin": "INE532F07ED6", "investment_date": "21-07-2023", "units": 20, "invested_amount": "20000" },
    { "isin": "INE532F07EP0", "investment_date": "26-10-2023", "units": 20, "invested_amount": "20000" },
    { "isin": "INE296G07192", "investment_date": "07-01-2025", "units": 2, "invested_amount": "19934.44" },
    { "isin": "INE549K07CV6", "investment_date": "01-11-2023", "units": 20, "invested_amount": "20000" },
    { "isin": "INE01HV07528", "investment_date": "27-01-2025", "units": 2, "invested_amount": "20050.75" },
    { "isin": "INE179P07548", "investment_date": "12-11-2024", "units": 2, "invested_amount": "19958.24" },
    { "isin": "INE403Q07FE2", "investment_date": "27-01-2025", "units": 2, "invested_amount": "19872.6" },
    { "isin": "INE148I07LT6", "investment_date": "28-04-2022", "units": 20, "invested_amount": "20000" },
    { "isin": "INE530L07483", "investment_date": "29-04-2022", "units": 20, "invested_amount": "20000" },
    { "isin": "INE523L07751", "investment_date": "15-07-2022", "units": 20, "invested_amount": "20000" },
    { "isin": "INE551U07340", "investment_date": "19-02-2025", "units": 1, "invested_amount": "74281" }

]